{
  "Delete Request" : {
    "transaction" : "Delete Request",
    "sampleCount" : 44,
    "errorCount" : 4,
    "errorPct" : 9.090909,
    "meanResTime" : 7946.136363636367,
    "medianResTime" : 7927.0,
    "minResTime" : 5254.0,
    "maxResTime" : 11944.0,
    "pct1ResTime" : 10089.0,
    "pct2ResTime" : 10365.75,
    "pct3ResTime" : 11944.0,
    "throughput" : 2.8403589180814666,
    "receivedKBytesPerSec" : 1006.9844612395907,
    "sentKBytesPerSec" : 5.137307549544897
  },
  "Create Request-8" : {
    "transaction" : "Create Request-8",
    "sampleCount" : 196,
    "errorCount" : 0,
    "errorPct" : 0.0,
    "meanResTime" : 1683.673469387756,
    "medianResTime" : 1254.5,
    "minResTime" : 240.0,
    "maxResTime" : 5368.0,
    "pct1ResTime" : 3107.0,
    "pct2ResTime" : 3188.8999999999996,
    "pct3ResTime" : 4492.090000000001,
    "throughput" : 10.422205679038605,
    "receivedKBytesPerSec" : 225.8890945708816,
    "sentKBytesPerSec" : 1.6386475725832181
  },
  "Delete Request-3" : {
    "transaction" : "Delete Request-3",
    "sampleCount" : 44,
    "errorCount" : 0,
    "errorPct" : 0.0,
    "meanResTime" : 2.659090909090909,
    "medianResTime" : 2.0,
    "minResTime" : 1.0,
    "maxResTime" : 6.0,
    "pct1ResTime" : 5.0,
    "pct2ResTime" : 5.75,
    "pct3ResTime" : 6.0,
    "throughput" : 5.236848369435849,
    "receivedKBytesPerSec" : 196.80628496191386,
    "sentKBytesPerSec" : 0.910311532968341
  },
  "Create Request-9" : {
    "transaction" : "Create Request-9",
    "sampleCount" : 196,
    "errorCount" : 0,
    "errorPct" : 0.0,
    "meanResTime" : 729.6632653061226,
    "medianResTime" : 625.0,
    "minResTime" : 119.0,
    "maxResTime" : 1684.0,
    "pct1ResTime" : 1141.1000000000001,
    "pct2ResTime" : 1194.3,
    "pct3ResTime" : 1638.41,
    "throughput" : 10.915571396747605,
    "receivedKBytesPerSec" : 652.4489877165015,
    "sentKBytesPerSec" : 1.7375372438182224
  },
  "Delete Request-4" : {
    "transaction" : "Delete Request-4",
    "sampleCount" : 44,
    "errorCount" : 0,
    "errorPct" : 0.0,
    "meanResTime" : 1.659090909090909,
    "medianResTime" : 2.0,
    "minResTime" : 1.0,
    "maxResTime" : 3.0,
    "pct1ResTime" : 3.0,
    "pct2ResTime" : 3.0,
    "pct3ResTime" : 3.0,
    "throughput" : 5.237471729556005,
    "receivedKBytesPerSec" : 16.402902184263777,
    "sentKBytesPerSec" : 0.8848462980597548
  },
  "Create Request-6" : {
    "transaction" : "Create Request-6",
    "sampleCount" : 196,
    "errorCount" : 0,
    "errorPct" : 0.0,
    "meanResTime" : 1.8214285714285716,
    "medianResTime" : 1.0,
    "minResTime" : 0.0,
    "maxResTime" : 36.0,
    "pct1ResTime" : 3.0,
    "pct2ResTime" : 4.0,
    "pct3ResTime" : 9.81000000000003,
    "throughput" : 11.650023775558726,
    "receivedKBytesPerSec" : 54.848402951141225,
    "sentKBytesPerSec" : 1.513137853661436
  },
  "Delete Request-5" : {
    "transaction" : "Delete Request-5",
    "sampleCount" : 44,
    "errorCount" : 0,
    "errorPct" : 0.0,
    "meanResTime" : 1.340909090909091,
    "medianResTime" : 1.0,
    "minResTime" : 0.0,
    "maxResTime" : 3.0,
    "pct1ResTime" : 2.0,
    "pct2ResTime" : 3.0,
    "pct3ResTime" : 3.0,
    "throughput" : 5.238095238095238,
    "receivedKBytesPerSec" : 6.368582589285714,
    "sentKBytesPerSec" : 0.8849516369047619
  },
  "Create Request-7" : {
    "transaction" : "Create Request-7",
    "sampleCount" : 196,
    "errorCount" : 0,
    "errorPct" : 0.0,
    "meanResTime" : 3242.0969387755113,
    "medianResTime" : 3243.5,
    "minResTime" : 739.0,
    "maxResTime" : 8364.0,
    "pct1ResTime" : 5084.9,
    "pct2ResTime" : 5193.549999999999,
    "pct3ResTime" : 8353.33,
    "throughput" : 10.01993763100046,
    "receivedKBytesPerSec" : 712.9328606666326,
    "sentKBytesPerSec" : 1.3796984433311181
  },
  "Delete Request-6" : {
    "transaction" : "Delete Request-6",
    "sampleCount" : 44,
    "errorCount" : 4,
    "errorPct" : 9.090909,
    "meanResTime" : 921.2499999999999,
    "medianResTime" : 952.0,
    "minResTime" : 60.0,
    "maxResTime" : 2936.0,
    "pct1ResTime" : 1129.5,
    "pct2ResTime" : 1378.75,
    "pct3ResTime" : 2936.0,
    "throughput" : 3.8817820908689895,
    "receivedKBytesPerSec" : 251.9787990736656,
    "sentKBytesPerSec" : 0.6409902955447728
  },
  "Create Request-4" : {
    "transaction" : "Create Request-4",
    "sampleCount" : 196,
    "errorCount" : 0,
    "errorPct" : 0.0,
    "meanResTime" : 3.770408163265307,
    "medianResTime" : 3.0,
    "minResTime" : 1.0,
    "maxResTime" : 51.0,
    "pct1ResTime" : 5.0,
    "pct2ResTime" : 8.0,
    "pct3ResTime" : 24.81000000000003,
    "throughput" : 11.648639011054321,
    "receivedKBytesPerSec" : 437.7681397093783,
    "sentKBytesPerSec" : 1.5129579965529538
  },
  "Delete Request-7" : {
    "transaction" : "Delete Request-7",
    "sampleCount" : 44,
    "errorCount" : 0,
    "errorPct" : 0.0,
    "meanResTime" : 1024.9545454545457,
    "medianResTime" : 1056.0,
    "minResTime" : 550.0,
    "maxResTime" : 1211.0,
    "pct1ResTime" : 1110.5,
    "pct2ResTime" : 1184.75,
    "pct3ResTime" : 1211.0,
    "throughput" : 3.9618224383216276,
    "receivedKBytesPerSec" : 85.86785858995138,
    "sentKBytesPerSec" : 0.7970072483342338
  },
  "Create Request-5" : {
    "transaction" : "Create Request-5",
    "sampleCount" : 196,
    "errorCount" : 0,
    "errorPct" : 0.0,
    "meanResTime" : 1.8112244897959198,
    "medianResTime" : 1.0,
    "minResTime" : 0.0,
    "maxResTime" : 16.0,
    "pct1ResTime" : 3.0,
    "pct2ResTime" : 4.0,
    "pct3ResTime" : 9.210000000000008,
    "throughput" : 11.649331352154531,
    "receivedKBytesPerSec" : 14.163493684992572,
    "sentKBytesPerSec" : 1.4561664190193166
  },
  "Delete Request-8" : {
    "transaction" : "Delete Request-8",
    "sampleCount" : 44,
    "errorCount" : 0,
    "errorPct" : 0.0,
    "meanResTime" : 1330.7272727272734,
    "medianResTime" : 1109.0,
    "minResTime" : 622.0,
    "maxResTime" : 2229.0,
    "pct1ResTime" : 2186.0,
    "pct2ResTime" : 2209.5,
    "pct3ResTime" : 2229.0,
    "throughput" : 4.022673249222892,
    "receivedKBytesPerSec" : 240.44615103309562,
    "sentKBytesPerSec" : 0.8171055037484001
  },
  "Create Request-2" : {
    "transaction" : "Create Request-2",
    "sampleCount" : 196,
    "errorCount" : 0,
    "errorPct" : 0.0,
    "meanResTime" : 1661.862244897959,
    "medianResTime" : 1212.0,
    "minResTime" : 168.0,
    "maxResTime" : 3388.0,
    "pct1ResTime" : 3196.2,
    "pct2ResTime" : 3283.15,
    "pct3ResTime" : 3354.05,
    "throughput" : 15.359297860669226,
    "receivedKBytesPerSec" : 482.4416189953766,
    "sentKBytesPerSec" : 2.519884805266045
  },
  "Create Request-3" : {
    "transaction" : "Create Request-3",
    "sampleCount" : 196,
    "errorCount" : 0,
    "errorPct" : 0.0,
    "meanResTime" : 3481.0765306122453,
    "medianResTime" : 4094.5,
    "minResTime" : 344.0,
    "maxResTime" : 8016.0,
    "pct1ResTime" : 5395.3,
    "pct2ResTime" : 5438.0,
    "pct3ResTime" : 7992.72,
    "throughput" : 11.262426018502557,
    "receivedKBytesPerSec" : 1775.9767981813482,
    "sentKBytesPerSec" : 1.8147463799344943
  },
  "Create Request-0" : {
    "transaction" : "Create Request-0",
    "sampleCount" : 196,
    "errorCount" : 0,
    "errorPct" : 0.0,
    "meanResTime" : 4.693877551020404,
    "medianResTime" : 3.0,
    "minResTime" : 2.0,
    "maxResTime" : 45.0,
    "pct1ResTime" : 7.0,
    "pct2ResTime" : 15.0,
    "pct3ResTime" : 33.360000000000014,
    "throughput" : 20.29615822719271,
    "receivedKBytesPerSec" : 95.6337533654344,
    "sentKBytesPerSec" : 2.61630164647406
  },
  "Create Request-1" : {
    "transaction" : "Create Request-1",
    "sampleCount" : 196,
    "errorCount" : 0,
    "errorPct" : 0.0,
    "meanResTime" : 2.9285714285714284,
    "medianResTime" : 2.0,
    "minResTime" : 1.0,
    "maxResTime" : 98.0,
    "pct1ResTime" : 4.0,
    "pct2ResTime" : 6.0,
    "pct3ResTime" : 23.310000000000088,
    "throughput" : 20.444351726296027,