{
  "Delete Request" : {
    "transaction" : "Delete Request",
    "sampleCount" : 50,
    "errorCount" : 2,
    "errorPct" : 4.0,
    "meanResTime" : 8394.960000000001,
    "medianResTime" : 8533.0,
    "minResTime" : 6261.0,
    "maxResTime" : 10656.0,
    "pct1ResTime" : 9915.7,
    "pct2ResTime" : 10638.9,
    "pct3ResTime" : 10656.0,
    "throughput" : 3.3147706178732435,
    "receivedKBytesPerSec" : 1186.7572194668192,
    "sentKBytesPerSec" : 6.026019913484487
  },
  "Create Request-8" : {
    "transaction" : "Create Request-8",
    "sampleCount" : 196,
    "errorCount" : 0,
    "errorPct" : 0.0,
    "meanResTime" : 1702.8724489795925,
    "medianResTime" : 1371.5,
    "minResTime" : 96.0,
    "maxResTime" : 5806.0,
    "pct1ResTime" : 3262.0,
    "pct2ResTime" : 3455.4499999999994,
    "pct3ResTime" : 5723.55,
    "throughput" : 10.64465323412806,
    "receivedKBytesPerSec" : 230.710384646717,
    "sentKBytesPerSec" : 1.6736222370064628
  },
  "Delete Request-3" : {
    "transaction" : "Delete Request-3",
    "sampleCount" : 50,
    "errorCount" : 0,
    "errorPct" : 0.0,
    "meanResTime" : 3.2399999999999998,
    "medianResTime" : 3.0,
    "minResTime" : 2.0,
    "maxResTime" : 8.0,
    "pct1ResTime" : 4.0,
    "pct2ResTime" : 6.449999999999996,
    "pct3ResTime" : 8.0,
    "throughput" : 5.808550185873606,
    "receivedKBytesPerSec" : 218.29144219040427,
    "sentKBytesPerSec" : 1.0096893877788105
  },
  "Create Request-9" : {
    "transaction" : "Create Request-9",
    "sampleCount" : 196,
    "errorCount" : 0,
    "errorPct" : 0.0,
    "meanResTime" : 755.5306122448975,
    "medianResTime" : 691.5,
    "minResTime" : 118.0,
    "maxResTime" : 1531.0,
    "pct1ResTime" : 1214.7000000000003,
    "pct2ResTime" : 1324.15,
    "pct3ResTime" : 1422.3600000000001,
    "throughput" : 11.287721723105276,
    "receivedKBytesPerSec" : 674.6944558425478,
    "sentKBytesPerSec" : 1.7967760164708593
  },
  "Delete Request-4" : {
    "transaction" : "Delete Request-4",
    "sampleCount" : 50,
    "errorCount" : 0,
    "errorPct" : 0.0,
    "meanResTime" : 1.5800000000000003,
    "medianResTime" : 1.0,
    "minResTime" : 0.0,
    "maxResTime" : 6.0,
    "pct1ResTime" : 2.0,
    "pct2ResTime" : 3.349999999999987,
    "pct3ResTime" : 6.0,
    "throughput" : 5.809225049378413,
    "receivedKBytesPerSec" : 18.193539778668526,
    "sentKBytesPerSec" : 0.981441341350064
  },
  "Create Request-6" : {
    "transaction" : "Create Request-6",
    "sampleCount" : 196,
    "errorCount" : 0,
    "errorPct" : 0.0,
    "meanResTime" : 1.7346938775510201,
    "medianResTime" : 2.0,
    "minResTime" : 0.0,
    "maxResTime" : 24.0,
    "pct1ResTime" : 2.0,
    "pct2ResTime" : 3.0,
    "pct3ResTime" : 5.570000000000022,
    "throughput" : 10.838909472985677,
    "receivedKBytesPerSec" : 51.02967047779683,
    "sentKBytesPerSec" : 1.4077880467842727
  },
  "Delete Request-5" : {
    "transaction" : "Delete Request-5",
    "sampleCount" : 50,
    "errorCount" : 0,
    "errorPct" : 0.0,
    "meanResTime" : 1.5200000000000005,
    "medianResTime" : 1.0,
    "minResTime" : 1.0,
    "maxResTime" : 3.0,
    "pct1ResTime" : 2.0,
    "pct2ResTime" : 2.4499999999999957,
    "pct3ResTime" : 3.0,
    "throughput" : 5.809900069718801,
    "receivedKBytesPerSec" : 7.063794518359284,
    "sentKBytesPerSec" : 0.9815553828724146
  },
  "Create Request-7" : {
    "transaction" : "Create Request-7",
    "sampleCount" : 196,
    "errorCount" : 0,
    "errorPct" : 0.0,
    "meanResTime" : 3183.209183673469,
    "medianResTime" : 2745.5,
    "minResTime" : 960.0,
    "maxResTime" : 7554.0,
    "pct1ResTime" : 5480.2,
    "pct2ResTime" : 5576.999999999999,
    "pct3ResTime" : 7462.82,
    "throughput" : 9.99948982194786,
    "receivedKBytesPerSec" : 711.4827527932249,
    "sentKBytesPerSec" : 1.37688287587368
  },
  "Delete Request-6" : {
    "transaction" : "Delete Request-6",
    "sampleCount" : 50,
    "errorCount" : 2,
    "errorPct" : 4.0,
    "meanResTime" : 1103.8600000000001,
    "medianResTime" : 1051.5,
    "minResTime" : 48.0,
    "maxResTime" : 2526.0,
    "pct1ResTime" : 1232.8999999999999,
    "pct2ResTime" : 2100.1,
    "pct3ResTime" : 2526.0,
    "throughput" : 4.49195939268709,
    "receivedKBytesPerSec" : 307.2784481403288,
    "sentKBytesPerSec" : 0.7832854190998113
  },
  "Create Request-4" : {
    "transaction" : "Create Request-4",
    "sampleCount" : 196,
    "errorCount" : 0,
    "errorPct" : 0.0,
    "meanResTime" : 3.6122448979591835,
    "medianResTime" : 3.0,
    "minResTime" : 1.0,
    "maxResTime" : 14.0,
    "pct1ResTime" : 6.0,
    "pct2ResTime" : 7.149999999999977,
    "pct3ResTime" : 13.030000000000001,
    "throughput" : 10.83411641147532,
    "receivedKBytesPerSec" : 407.1575213503952,
    "sentKBytesPerSec" : 1.4071655104748217
  },
  "Delete Request-7" : {
    "transaction" : "Delete Request-7",
    "sampleCount" : 50,
    "errorCount" : 0,
    "errorPct" : 0.0,
    "meanResTime" : 1123.3600000000004,
    "medianResTime" : 1110.0,
    "minResTime" : 380.0,
    "maxResTime" : 1351.0,
    "pct1ResTime" : 1290.8,
    "pct2ResTime" : 1305.4499999999998,
    "pct3ResTime" : 1351.0,
    "throughput" : 4.719207173194904,
    "receivedKBytesPerSec" : 102.28328515809343,
    "sentKBytesPerSec" : 0.9493717555450684
  },
  "Create Request-5" : {
    "transaction" : "Create Request-5",
    "sampleCount" : 196,
    "errorCount" : 0,
    "errorPct" : 0.0,
    "meanResTime" : 1.7193877551020416,
    "medianResTime" : 2.0,
    "minResTime" : 0.0,
    "maxResTime" : 6.0,
    "pct1ResTime" : 3.0,
    "pct2ResTime" : 4.0,
    "pct3ResTime" : 5.030000000000001,
    "throughput" : 10.837111578016145,
    "receivedKBytesPerSec" : 13.175980385380958,
    "sentKBytesPerSec" : 1.3546389472520182
  },
  "Delete Request-8" : {
    "transaction" : "Delete Request-8",
    "sampleCount" : 50,
    "errorCount" : 0,
    "errorPct" : 0.0,
    "meanResTime" : 1360.2600000000002,
    "medianResTime" : 1209.5,
    "minResTime" : 228.0,
    "maxResTime" : 2400.0,
    "pct1ResTime" : 2182.5,
    "pct2ResTime" : 2355.2,
    "pct3ResTime" : 2400.0,
    "throughput" : 5.127679212388473,
    "receivedKBytesPerSec" : 306.4917019728746,
    "sentKBytesPerSec" : 1.0415598400164086
  },
  "Create Request-2" : {
    "transaction" : "Create Request-2",
    "sampleCount" : 196,
    "errorCount" : 0,
    "errorPct" : 0.0,
    "meanResTime" : 1757.081632653061,
    "medianResTime" : 1373.5,
    "minResTime" : 202.0,
    "maxResTime" : 6614.0,
    "pct1ResTime" : 3352.9,
    "pct2ResTime" : 3407.499999999999,
    "pct3ResTime" : 6610.12,
    "throughput" : 12.409775864252248,
    "receivedKBytesPerSec" : 389.8023972711156,
    "sentKBytesPerSec" : 2.0359788527288845
  },
  "Create Request-3" : {
    "transaction" : "Create Request-3",
    "sampleCount" : 196,
    "errorCount" : 0,
    "errorPct" : 0.0,
    "meanResTime" : 3550.9081632653056,
    "medianResTime" : 3833.5,
    "minResTime" : 496.0,
    "maxResTime" : 8040.0,
    "pct1ResTime" : 5668.9,
    "pct2ResTime" : 5796.65,
    "pct3ResTime" : 7854.7300000000005,
    "throughput" : 10.45221843003413,
    "receivedKBytesPerSec" : 1648.22372071979,
    "sentKBytesPerSec" : 1.6841953524957338
  },
  "Create Request-0" : {
    "transaction" : "Create Request-0",
    "sampleCount" : 196,
    "errorCount" : 0,
    "errorPct" : 0.0,
    "meanResTime" : 5.0153061224489806,
    "medianResTime" : 3.0,
    "minResTime" : 1.0,
    "maxResTime" : 75.0,
    "pct1ResTime" : 8.0,
    "pct2ResTime" : 12.449999999999932,
    "pct3ResTime" : 35.23000000000005,
    "throughput" : 20.39117769454848,
    "receivedKBytesPerSec" : 96.08147692987932,
    "sentKBytesPerSec" : 2.62855024968789
  },
  "Create Request-1" : {
    "transaction" : "Create Request-1",
    "sampleCount" : 196,
    "errorCount" : 0,
    "errorPct" : 0.0,
    "meanResTime" : 2.9132653061224505,
    "medianResTime" : 2.0,
    "minResTime" : 1.0,
    "maxResTime" : 39.0,
    "pct1ResTime" : 4.0,