{
  "Delete Request" : {
    "transaction" : "Delete Request",
    "sampleCount" : 45,
    "errorCount" : 3,
    "errorPct" : 6.6666665,
    "meanResTime" : 10476.444444444443,
    "medianResTime" : 9139.0,
    "minResTime" : 6985.0,
    "maxResTime" : 13608.0,
    "pct1ResTime" : 13377.4,
    "pct2ResTime" : 13508.6,
    "pct3ResTime" : 13608.0,
    "throughput" : 3.1955688112484024,
    "receivedKBytesPerSec" : 1138.229363615786,
    "sentKBytesPerSec" : 5.79384087398807
  },
  "Create Request-8" : {
    "transaction" : "Create Request-8",
    "sampleCount" : 196,
    "errorCount" : 0,
    "errorPct" : 0.0,
    "meanResTime" : 1950.9285714285718,
    "medianResTime" : 1739.5,
    "minResTime" : 294.0,
    "maxResTime" : 5892.0,
    "pct1ResTime" : 3087.5,
    "pct2ResTime" : 3366.0499999999956,
    "pct3ResTime" : 5493.330000000001,
    "throughput" : 11.12498580996708,
    "receivedKBytesPerSec" : 241.1210303382904,
    "sentKBytesPerSec" : 1.7491432767624022
  },
  "Delete Request-3" : {
    "transaction" : "Delete Request-3",
    "sampleCount" : 45,
    "errorCount" : 0,
    "errorPct" : 0.0,
    "meanResTime" : 3.422222222222222,
    "medianResTime" : 3.0,
    "minResTime" : 1.0,
    "maxResTime" : 6.0,
    "pct1ResTime" : 5.0,
    "pct2ResTime" : 5.0,
    "pct3ResTime" : 6.0,
    "throughput" : 8.925029750099167,
    "receivedKBytesPerSec" : 335.41203112604126,
    "sentKBytesPerSec" : 1.551421187028957
  },
  "Create Request-9" : {
    "transaction" : "Create Request-9",
    "sampleCount" : 196,
    "errorCount" : 0,
    "errorPct" : 0.0,
    "meanResTime" : 797.5867346938769,
    "medianResTime" : 756.0,
    "minResTime" : 110.0,
    "maxResTime" : 1476.0,
    "pct1ResTime" : 1217.3000000000002,
    "pct2ResTime" : 1349.7999999999997,
    "pct3ResTime" : 1466.3,
    "throughput" : 12.11671612265084,
    "receivedKBytesPerSec" : 724.244552597212,
    "sentKBytesPerSec" : 1.9287350859297727
  },
  "Delete Request-4" : {
    "transaction" : "Delete Request-4",
    "sampleCount" : 45,
    "errorCount" : 0,
    "errorPct" : 0.0,
    "meanResTime" : 2.111111111111112,
    "medianResTime" : 2.0,
    "minResTime" : 1.0,
    "maxResTime" : 7.0,
    "pct1ResTime" : 3.3999999999999986,
    "pct2ResTime" : 4.0,
    "pct3ResTime" : 7.0,
    "throughput" : 8.926800238048006,
    "receivedKBytesPerSec" : 27.957273792402297,
    "sentKBytesPerSec" : 1.5081410558420947
  },
  "Create Request-6" : {
    "transaction" : "Create Request-6",
    "sampleCount" : 196,
    "errorCount" : 0,
    "errorPct" : 0.0,
    "meanResTime" : 3.7295918367346896,
    "medianResTime" : 2.0,
    "minResTime" : 0.0,
    "maxResTime" : 54.0,
    "pct1ResTime" : 6.300000000000011,
    "pct2ResTime" : 13.0,
    "pct3ResTime" : 40.420000000000016,
    "throughput" : 11.180832857957787,
    "receivedKBytesPerSec" : 52.63944844552196,
    "sentKBytesPerSec" : 1.4521980176839702
  },
  "Delete Request-5" : {
    "transaction" : "Delete Request-5",
    "sampleCount" : 45,
    "errorCount" : 0,
    "errorPct" : 0.0,
    "meanResTime" : 2.022222222222222,
    "medianResTime" : 2.0,
    "minResTime" : 1.0,
    "maxResTime" : 5.0,
    "pct1ResTime" : 3.3999999999999986,
    "pct2ResTime" : 4.0,
    "pct3ResTime" : 5.0,
    "throughput" : 8.932115919015482,
    "receivedKBytesPerSec" : 10.859847967943628,
    "sentKBytesPerSec" : 1.5090391152242952
  },
  "Create Request-7" : {
    "transaction" : "Create Request-7",
    "sampleCount" : 196,
    "errorCount" : 0,
    "errorPct" : 0.0,
    "meanResTime" : 3445.6683673469383,
    "medianResTime" : 3194.0,
    "minResTime" : 1437.0,
    "maxResTime" : 8725.0,
    "pct1ResTime" : 5225.5,
    "pct2ResTime" : 5531.949999999996,
    "pct3ResTime" : 8682.32,
    "throughput" : 10.1444024636406,
    "receivedKBytesPerSec" : 721.7972025257492,
    "sentKBytesPerSec" : 1.396836667356762
  },
  "Delete Request-6" : {
    "transaction" : "Delete Request-6",
    "sampleCount" : 45,
    "errorCount" : 3,
    "errorPct" : 6.6666665,
    "meanResTime" : 2243.688888888889,
    "medianResTime" : 1428.0,
    "minResTime" : 85.0,
    "maxResTime" : 3917.0,
    "pct1ResTime" : 3875.2,
    "pct2ResTime" : 3898.6,
    "pct3ResTime" : 3917.0,
    "throughput" : 5.417118093174431,
    "receivedKBytesPerSec" : 360.6509852383532,
    "sentKBytesPerSec" : 0.9183708017334777
  },
  "Create Request-4" : {
    "transaction" : "Create Request-4",
    "sampleCount" : 196,
    "errorCount" : 0,
    "errorPct" : 0.0,
    "meanResTime" : 7.765306122448977,
    "medianResTime" : 4.0,
    "minResTime" : 1.0,
    "maxResTime" : 206.0,
    "pct1ResTime" : 13.0,
    "pct2ResTime" : 27.0,
    "pct3ResTime" : 159.44000000000005,
    "throughput" : 11.171910624715002,
    "receivedKBytesPerSec" : 419.8521841512768,
    "sentKBytesPerSec" : 1.4510391729366166
  },
  "Delete Request-7" : {
    "transaction" : "Delete Request-7",
    "sampleCount" : 45,
    "errorCount" : 0,
    "errorPct" : 0.0,
    "meanResTime" : 797.1555555555557,
    "medianResTime" : 885.0,
    "minResTime" : 445.0,
    "maxResTime" : 1249.0,
    "pct1ResTime" : 1197.2,
    "pct2ResTime" : 1235.3999999999999,
    "pct3ResTime" : 1249.0,
    "throughput" : 5.968169761273209,
    "receivedKBytesPerSec" : 129.35308562665782,
    "sentKBytesPerSec" : 1.200627901193634
  },
  "Create Request-5" : {
    "transaction" : "Create Request-5",
    "sampleCount" : 196,
    "errorCount" : 0,
    "errorPct" : 0.0,
    "meanResTime" : 3.3367346938775535,
    "medianResTime" : 2.0,
    "minResTime" : 0.0,
    "maxResTime" : 56.0,
    "pct1ResTime" : 6.0,
    "pct2ResTime" : 9.0,
    "pct3ResTime" : 33.690000000000026,
    "throughput" : 11.176369960654615,
    "receivedKBytesPerSec" : 13.588457618178708,
    "sentKBytesPerSec" : 1.397046245081827
  },
  "Delete Request-8" : {
    "transaction" : "Delete Request-8",
    "sampleCount" : 45,
    "errorCount" : 0,
    "errorPct" : 0.0,
    "meanResTime" : 908.5777777777778,
    "medianResTime" : 917.0,
    "minResTime" : 593.0,
    "maxResTime" : 1159.0,
    "pct1ResTime" : 1075.6,
    "pct2ResTime" : 1146.8,
    "pct3ResTime" : 1159.0,
    "throughput" : 6.1091501493347815,
    "receivedKBytesPerSec" : 365.15164692506113,
    "sentKBytesPerSec" : 1.2409211240836275
  },
  "Create Request-2" : {
    "transaction" : "Create Request-2",
    "sampleCount" : 196,
    "errorCount" : 0,
    "errorPct" : 0.0,
    "meanResTime" : 1542.0306122448976,
    "medianResTime" : 1382.0,
    "minResTime" : 147.0,
    "maxResTime" : 4448.0,
    "pct1ResTime" : 2616.6000000000004,
    "pct2ResTime" : 3410.5499999999997,
    "pct3ResTime" : 3726.3200000000006,
    "throughput" : 14.280510018214937,
    "receivedKBytesPerSec" : 448.55931238615665,
    "sentKBytesPerSec" : 2.342896174863388
  },
  "Create Request-3" : {
    "transaction" : "Create Request-3",
    "sampleCount" : 196,
    "errorCount" : 0,
    "errorPct" : 0.0,
    "meanResTime" : 3486.2448979591827,
    "medianResTime" : 3038.5,
    "minResTime" : 429.0,
    "maxResTime" : 8442.0,
    "pct1ResTime" : 5717.6,
    "pct2ResTime" : 5926.15,
    "pct3ResTime" : 8388.65,
    "throughput" : 10.706872063804216,
    "receivedKBytesPerSec" : 1688.3720565490821,
    "sentKBytesPerSec" : 1.7252284087184528
  },
  "Create Request-0" : {
    "transaction" : "Create Request-0",
    "sampleCount" : 196,
    "errorCount" : 0,
    "errorPct" : 0.0,
    "meanResTime" : 11.306122448979593,
    "medianResTime" : 5.0,
    "minResTime" : 1.0,
    "maxResTime" : 160.0,
    "pct1ResTime" : 24.600000000000023,
    "pct2ResTime" : 39.59999999999991,
    "pct3ResTime" : 140.60000000000002,
    "throughput" : 20.32351721277478,
    "receivedKBytesPerSec" : 95.7626665543343,
    "sentKBytesPerSec" : 2.6198283907092494
  },
  "Create Request-1" : {
    "transaction" : "Create Request-1",
    "sampleCount" : 196,
    "errorCount" : 0,
    "errorPct" : 0.0,
    "meanResTime" : 6.372448979591834,
    "medianResTime" : 3.0,
    "minResTime" : 1.0,
    "maxResTime" : 54.0,