{
  "Delete Request-3" : {
    "transaction" : "Delete Request-3",
    "sampleCount" : 36,
    "errorCount" : 0,
    "errorPct" : 0.0,
    "meanResTime" : 2.7499999999999996,
    "medianResTime" : 3.0,
    "minResTime" : 1.0,
    "maxResTime" : 8.0,
    "pct1ResTime" : 3.0,
    "pct2ResTime" : 4.599999999999994,
    "pct3ResTime" : 8.0,
    "throughput" : 3.8159847360610555,
    "receivedKBytesPerSec" : 143.4087310525758,
    "sentKBytesPerSec" : 0.6633254716981133
  },
  "Update Request-8" : {
    "transaction" : "Update Request-8",
    "sampleCount" : 11,
    "errorCount" : 0,
    "errorPct" : 0.0,
    "meanResTime" : 1076.6363636363637,
    "medianResTime" : 1041.0,
    "minResTime" : 984.0,
    "maxResTime" : 1208.0,
    "pct1ResTime" : 1201.4,
    "pct2ResTime" : 1208.0,
    "pct3ResTime" : 1208.0,
    "throughput" : 2.725470763131814,
    "receivedKBytesPerSec" : 162.9059170589693,
    "sentKBytesPerSec" : 0.4338395843657087
  },
  "Delete Request-4" : {
    "transaction" : "Delete Request-4",
    "sampleCount" : 36,
    "errorCount" : 0,
    "errorPct" : 0.0,
    "meanResTime" : 1.3611111111111114,
    "medianResTime" : 1.0,
    "minResTime" : 0.0,
    "maxResTime" : 2.0,
    "pct1ResTime" : 2.0,
    "pct2ResTime" : 2.0,
    "pct3ResTime" : 2.0,
    "throughput" : 3.817198600360513,
    "receivedKBytesPerSec" : 11.954839757183757,
    "sentKBytesPerSec" : 0.6448978104124695
  },
  "Update Request-7" : {
    "transaction" : "Update Request-7",
    "sampleCount" : 11,
    "errorCount" : 0,
    "errorPct" : 0.0,
    "meanResTime" : 1115.6363636363637,
    "medianResTime" : 1047.0,
    "minResTime" : 998.0,
    "maxResTime" : 1247.0,
    "pct1ResTime" : 1246.2,
    "pct2ResTime" : 1247.0,
    "pct3ResTime" : 1247.0,
    "throughput" : 2.662793512466715,
    "receivedKBytesPerSec" : 57.712928921568626,
    "sentKBytesPerSec" : 0.4186618706124425
  },
  "Delete Request-5" : {
    "transaction" : "Delete Request-5",
    "sampleCount" : 36,
    "errorCount" : 0,
    "errorPct" : 0.0,
    "meanResTime" : 2.333333333333333,
    "medianResTime" : 1.0,
    "minResTime" : 0.0,
    "maxResTime" : 22.0,
    "pct1ResTime" : 2.0,
    "pct2ResTime" : 18.599999999999994,
    "pct3ResTime" : 22.0,
    "throughput" : 3.8167938931297707,
    "receivedKBytesPerSec" : 4.6405355438931295,
    "sentKBytesPerSec" : 0.6448294370229007
  },
  "Update Request-6" : {
    "transaction" : "Update Request-6",
    "sampleCount" : 11,
    "errorCount" : 0,
    "errorPct" : 0.0,
    "meanResTime" : 1120.5454545454545,
    "medianResTime" : 1176.0,
    "minResTime" : 925.0,
    "maxResTime" : 1240.0,
    "pct1ResTime" : 1239.2,
    "pct2ResTime" : 1240.0,
    "pct3ResTime" : 1240.0,
    "throughput" : 2.6875152699731246,
    "receivedKBytesPerSec" : 191.22253313584167,
    "sentKBytesPerSec" : 0.3700582549474713
  },
  "Delete Request-6" : {
    "transaction" : "Delete Request-6",
    "sampleCount" : 36,
    "errorCount" : 1,
    "errorPct" : 2.7777777,
    "meanResTime" : 1344.5555555555557,
    "medianResTime" : 803.5,
    "minResTime" : 123.0,
    "maxResTime" : 3495.0,
    "pct1ResTime" : 3280.3,
    "pct2ResTime" : 3481.4,
    "pct3ResTime" : 3495.0,
    "throughput" : 2.866013852400287,
    "receivedKBytesPerSec" : 198.45901998248547,
    "sentKBytesPerSec" : 0.5061238655361834
  },
  "Update Request-5" : {
    "transaction" : "Update Request-5",
    "sampleCount" : 11,
    "errorCount" : 0,
    "errorPct" : 0.0,
    "meanResTime" : 0.9090909090909091,
    "medianResTime" : 1.0,
    "minResTime" : 0.0,
    "maxResTime" : 2.0,
    "pct1ResTime" : 1.8000000000000007,
    "pct2ResTime" : 2.0,
    "pct3ResTime" : 2.0,
    "throughput" : 3.47112653834017,
    "receivedKBytesPerSec" : 4.2202661525717895,
    "sentKBytesPerSec" : 0.43389081729252127
  },
  "Delete Request-7" : {
    "transaction" : "Delete Request-7",
    "sampleCount" : 36,
    "errorCount" : 0,
    "errorPct" : 0.0,
    "meanResTime" : 826.0277777777777,
    "medianResTime" : 828.0,
    "minResTime" : 490.0,
    "maxResTime" : 1128.0,
    "pct1ResTime" : 1062.0,
    "pct2ResTime" : 1085.5,
    "pct3ResTime" : 1128.0,
    "throughput" : 2.9230269568041574,
    "receivedKBytesPerSec" : 63.353183866515096,
    "sentKBytesPerSec" : 0.5880308135758363
  },
  "Delete Request-8" : {
    "transaction" : "Delete Request-8",
    "sampleCount" : 36,
    "errorCount" : 0,
    "errorPct" : 0.0,
    "meanResTime" : 971.3333333333335,
    "medianResTime" : 822.0,
    "minResTime" : 736.0,
    "maxResTime" : 1757.0,
    "pct1ResTime" : 1411.5000000000007,
    "pct2ResTime" : 1549.5999999999997,
    "pct3ResTime" : 1757.0,
    "throughput" : 2.919944845486252,
    "receivedKBytesPerSec" : 174.53442784796007,
    "sentKBytesPerSec" : 0.5931137967393949
  },
  "Update Request" : {
    "transaction" : "Update Request",
    "sampleCount" : 11,
    "errorCount" : 0,
    "errorPct" : 0.0,
    "meanResTime" : 6240.909090909091,
    "medianResTime" : 6381.0,
    "minResTime" : 5018.0,
    "maxResTime" : 6732.0,
    "pct1ResTime" : 6725.8,
    "pct2ResTime" : 6732.0,
    "pct3ResTime" : 6732.0,
    "throughput" : 1.401988274279888,
    "receivedKBytesPerSec" : 505.63732714121846,
    "sentKBytesPerSec" : 1.9427942980499617
  },
  "Transaction Controller" : {
    "transaction" : "Transaction Controller",
    "sampleCount" : 11,
    "errorCount" : 0,
    "errorPct" : 0.0,
    "meanResTime" : 14606.90909090909,
    "medianResTime" : 14838.0,
    "minResTime" : 12576.0,
    "maxResTime" : 15969.0,
    "pct1ResTime" : 15904.800000000001,
    "pct2ResTime" : 15969.0,
    "pct3ResTime" : 15969.0,
    "throughput" : 0.6795156906350384,
    "receivedKBytesPerSec" : 756.2156019312146,
    "sentKBytesPerSec" : 3.146741606436867
  },
  "Delete Request" : {
    "transaction" : "Delete Request",
    "sampleCount" : 36,
    "errorCount" : 1,
    "errorPct" : 2.7777777,
    "meanResTime" : 7816.833333333334,
    "medianResTime" : 7332.0,
    "minResTime" : 4417.0,
    "maxResTime" : 12708.0,
    "pct1ResTime" : 12565.4,
    "pct2ResTime" : 12621.3,
    "pct3ResTime" : 12708.0,
    "throughput" : 2.2546502160706456,
    "receivedKBytesPerSec" : 809.1090339645832,
    "sentKBytesPerSec" : 4.1038010036324915
  },
  "Create Request-8" : {
    "transaction" : "Create Request-8",
    "sampleCount" : 196,
    "errorCount" : 0,
    "errorPct" : 0.0,
    "meanResTime" : 1782.4132653061226,
    "medianResTime" : 1535.5,
    "minResTime" : 203.0,
    "maxResTime" : 5686.0,
    "pct1ResTime" : 2984.5000000000005,
    "pct2ResTime" : 3337.8999999999996,
    "pct3ResTime" : 3615.0500000000025,
    "throughput" : 10.245151847786316,
    "receivedKBytesPerSec" : 222.05166026344676,
    "sentKBytesPerSec" : 1.6108100073179656
  },
  "Create Request-9" : {
    "transaction" : "Create Request-9",
    "sampleCount" : 196,
    "errorCount" : 0,
    "errorPct" : 0.0,
    "meanResTime" : 736.0204081632648,
    "medianResTime" : 693.0,
    "minResTime" : 92.0,
    "maxResTime" : 1409.0,
    "pct1ResTime" : 1290.2,
    "pct2ResTime" : 1351.4499999999998,
    "pct3ResTime" : 1388.63,
    "throughput" : 10.86534730306558,
    "receivedKBytesPerSec" : 649.4474103851377,
    "sentKBytesPerSec" : 1.7295425882809468
  },
  "Create Request-6" : {
    "transaction" : "Create Request-6",
    "sampleCount" : 196,
    "errorCount" : 0,
    "errorPct" : 0.0,
    "meanResTime" : 1.4489795918367347,
    "medianResTime" : 1.0,
    "minResTime" : 0.0,
    "maxResTime" : 20.0,
    "pct1ResTime" : 2.0,
    "pct2ResTime" : 2.0,
    "pct3ResTime" : 9.330000000000013,
    "throughput" : 10.834715312327253,
    "receivedKBytesPerSec" : 51.00992433665008,
    "sentKBytesPerSec" : 1.4072432974018796
  },
  "Create Request-7" : {
    "transaction" : "Create Request-7",
    "sampleCount" : 196,
    "errorCount" : 0,
    "errorPct" : 0.0,
    "meanResTime" : 3233.882653061225,
    "medianResTime" : 3130.0,
    "minResTime" : 655.0,
    "maxResTime" : 7610.0,
    "pct1ResTime" : 5154.900000000001,